Project,Note,MMRE,MAE,Accuracy
apstud_porru_porru_method,4_porru_method,0.6351525018191685,6.083333333333333,0.20833333333333334
nexus_porru_porru_method,4_porru_method,0.4745098039215685,0.38823529411764707,0.29411764705882354